Workbook

Sheet Read me
A1: Rovem — Component, Mission and Progression Values (Proposal)
A2: All input values are proposals, set by reasoning and simulation, to be confirmed in playtesting.
A4: Legend
A5: Blue text on yellow = proposed input. Change these to rebalance; formulas update.
A6: Black text = formula. Green fill = passes, red fill = fails.
A8: Sheets
A9: Inputs: constants, parts, surfaces, mission parameters and power-ups.
A10: Builds: every chassis × wheels × motor combination, calculated with the Physics Model Specification formulas.
A11: Simulation: results of the step-by-step simulation in the Physics Model Specification (1/120 s steps; throttle and brake levels read at the end of each step; finish time is the end of the step that reaches the line), used to set the mission limits.
A12: Pass check: which builds pass each mission, using the simulation results and the mission limits.
A13: Progression: Knowledge earned and spent.
A14: Spread: lowest and highest value of each result, to check that part choices matter.
... A29: Mission 2 coasting distance is measured from the rover's position at the end of the step that reaches the power-cut line.

Sheet Inputs
A1: Inputs (proposals)
A2: Constant | B2: Value | C2: Reason
A3: g (m/s²) | B3: 9.8 | C3: Textbook value
A4: Maximum brake force F_b,max (N) | B4: 1500 | C4: Below the grip limit of mid and heavy builds, so mass visibly lengthens stopping; light builds hit the grip limit instead
A5: Brake build-up time T_b (s) | B5: 0.5 | C5: Physics Model Specification
A6: Rover length (m) | B6: 2 | C6: Sets the Mission 3 stopping window
A7: Throttle build-up time T_t (s) | B7: 1 | C7: Physics Model Specification
A9: Part | B9: Slot | C9: Mass (kg) | D9: F_d,max (N) | E9: Rolling factor k_r | F9: Grip factor k_g | G9: Top speed v_max (m/s) | H9: Available at start
A10: Light chassis | B10: Chassis | C10: 120 | H10: No (15 Knowledge)
A11: Standard chassis | B11: Chassis | C11: 160 | H11: Yes
A12: Heavy chassis | B12: Chassis | C12: 220 | H12: No (15 Knowledge)
A13: Smooth wheels | B13: Wheels | C13: 16 | E13: 0.6 | F13: 0.8 | H13: No (15 Knowledge)
A14: All-terrain wheels | B14: Wheels | C14: 24 | E14: 1 | F14: 1 | H14: Yes
A15: Spiked wheels | B15: Wheels | C15: 32 | E15: 1.6 | F15: 1.4 | H15: No (15 Knowledge)
A16: Small motor | B16: Motor | C16: 15 | D16: 700 | G16: 18 | H16: No (15 Knowledge)
A17: Medium motor | B17: Motor | C17: 25 | D17: 1000 | G17: 16 | H17: Yes
A18: Large motor | B18: Motor | C18: 40 | D18: 1400 | G18: 14 | H18: No (15 Knowledge)
A21: Surface | B21: Rolling friction μ_r | C21: Grip μ_g
A22: Asphalt | B22: 0.02 | C22: 0.8
A23: Sand | B23: 0.12 | C23: 0.5
A24: Ice | B24: 0.01 | C24: 0.1
A27: Mission parameter | B27: Value | C27: Reason
A28: M1: asphalt route length (m) | B28: 100 | C28: With the sand shortcut, makes the faster route depend on the build
A29: M1: sand shortcut length (m) | B29: 85 | C29: Shorter but slower to accelerate on; favours strong motors and grippy wheels
A30: M1: time limit (s) | B30: 9 | C30: Starting build passes on either route if driven cleanly (0.5–0.85 s spare); heavy, weak-motor builds fail
A31: M2: ice launch strip length (m) | B31: 25 | C31: Long enough for grip differences to show in time
A32: M2: time limit to cross the ice (s) | B32: 8 | C32: All-terrain passes with 0.36 s spare; smooth wheels fail (too little grip)
A33: M2: coasting target into the sand (m) | B33: 17.5 | C33: All-terrain passes with 1.3 m spare; spiked wheels fail (too much rolling friction)
A34: M3: approach speed (m/s) | B34: 15 | C34: Fast enough that braking distance is clearly longer than the zone. Above the Large motor's 14 m/s top speed, so a tow line holds this speed on asphalt until the first brake input after the brake line
A35: M3: zone length (m) | B35: 6 | C35: With a 2 m rover, leaves a 4 m window: about 0.27 s of timing at 15 m/s
A36: M3: brake line, distance before zone end (m) | B36: 23 | C36: Braking allowed only after this line. The starting build needs 18.8 m; 4 of the 9 heavy builds need more than 23 m and pass with Brake boost or lighter parts
A39: Power-up | B39: Mission | C39: Variable | D39: Multiplier | E39: What it teaches
A40: Motor boost | B40: 1 | C40: F_d,max | D40: 1.2 | E40: More force, more acceleration (F = ma)
A41: Lighter load | B41: 1 | C41: m | D41: 0.9 | E41: Less mass, more acceleration from the same force
A42: Grip tyres | B42: 2 | C42: k_g | D42: 1.3 | E42: Grip limits the force tyres can pass on ice
A43: Smooth bearings | B43: 2 | C43: k_r | D43: 0.7 | E43: Less rolling friction, longer coasting distance
A44: Brake boost | B44: 3 | C44: F_b,max | D44: 1.2 | E44: More brake force stops a heavy rover sooner, unless grip is the limit
A45: Grip tyres | B45: 3 | C45: k_g | D45: 1.3 | E45: When grip is the limit, more grip shortens stopping
A47: One power-up is active at a time; taking another replaces it. It lasts for the rest of the attempt.

Sheet Builds
A1: Every build (all values calculated)
A3: Chassis | B3: Wheels | C3: Motor | D3: Mass m (kg) | E3: R (N) | F3: k_r | G3: k_g | H3: F_d,max (N) | I3: v_max (m/s) | J3: Max accel, asphalt (m/s²) | K3: Max accel, sand (m/s²) | L3: Max accel, ice (m/s²) | M3: Braking decel, asphalt (m/s²) | N3: Braking decel, sand (m/s²) | O3: Braking decel, ice (m/s²) | P3: Coasting decel, asphalt (m/s²) | Q3: Coasting decel, sand (m/s²) | R3: Coasting decel, ice (m/s²) | S3: M1 time, asphalt route (s) | T3: M1 time, sand shortcut (s) | U3: M1 faster route | V3: M2 ice time (s) | W3: M2 coasting distance (m) | X3: M3 braking limited by | Y3: M3 stopping distance incl. build-up (m)
A4: Light chassis | B4: Smooth wheels | C4: Small motor | D4: =INDEX(Inputs!$C$10:$C$18,MATCH(A4,Inputs!$A$10:$A$18,0))+INDEX(Inputs!$C$10:$C$18,MATCH(B4,Inputs!$A$10:$A$18,0))+INDEX(Inputs!$C$10:$C$18,MATCH(C4,Inputs!$A$10:$A$18,0)) -> 151 | E4: =D4*Inputs!$B$3 -> 1479.8 | F4: =INDEX(Inputs!$E$10:$E$18,MATCH(B4,Inputs!$A$10:$A$18,0)) -> 0.6 | G4: =INDEX(Inputs!$F$10:$F$18,MATCH(B4,Inputs!$A$10:$A$18,0)) -> 0.8 | H4: =INDEX(Inputs!$D$10:$D$18,MATCH(C4,Inputs!$A$10:$A$18,0)) -> 700 | I4: =INDEX(Inputs!$G$10:$G$18,MATCH(C4,Inputs!$A$10:$A$18,0)) -> 18 | J4: =(MIN(H4,Inputs!$C$22*G4*E4)-Inputs!$B$22*F4*E4)/D4 -> 4.5181616 | K4: =(MIN(H4,Inputs!$C$23*G4*E4)-Inputs!$B$23*F4*E4)/D4 -> 3.2144 | L4: =(MIN(H4,Inputs!$C$24*G4*E4)-Inputs!$B$24*F4*E4)/D4 -> 0.7252 | M4: =(MIN(Inputs!$B$4,Inputs!$C$22*G4*E4)+Inputs!$B$22*F4*E4)/D4 -> 6.3896 | N4: =(MIN(Inputs!$B$4,Inputs!$C$23*G4*E4)+Inputs!$B$23*F4*E4)/D4 -> 4.6256 | O4: =(MIN(Inputs!$B$4,Inputs!$C$24*G4*E4)+Inputs!$B$24*F4*E4)/D4 -> 0.8428 | P4: =Inputs!$B$22*F4*Inputs!$B$3 -> 0.1176 | Q4: =Inputs!$B$23*F4*Inputs!$B$3 -> 0.7056 | R4: =Inputs!$B$24*F4*Inputs!$B$3 -> 0.0588 | S4: =IF(J4<=0,"Cannot start",IF(I4^2/(2*J4)>=Inputs!$B$28,SQRT(2*Inputs!$B$28/J4),I4/J4+(Inputs!$B$28-I4^2/(2*J4))/I4)) -> 7.5475162 | T4: =IF(K4<=0,"Cannot start",IF(I4^2/(2*K4)>=Inputs!$B$29,SQRT(2*Inputs!$B$29/K4),I4/K4+(Inputs!$B$29-I4^2/(2*K4))/I4)) -> 7.5221227 | U4: =IF(S4<T4,"Asphalt route","Sand shortcut") -> Sand shortcut | V4: =SQRT(2*Inputs!$B$31/L4) -> 8.3034028 | W4: =L4*Inputs!$B$31/(Inputs!$B$23*F4*Inputs!$B$3) -> 25.694444 | X4: =IF(Inputs!$B$4<=(Inputs!$C$22*G4*E4),"Brakes","Grip") -> Grip | Y4: =(Inputs!$B$34*(Inputs!$B$5*MIN(1,(Inputs!$C$22*G4*E4)/Inputs!$B$4))-0.5*(Inputs!$B$22*F4*E4)/D4*(Inputs!$B$5*MIN(1,(Inputs!$C$22*G4*E4)/Inputs!$B$4))^2-MIN(Inputs!$B$4,(Inputs!$C$22*G4*E4))/D4*(Inputs!$B$5*MIN(1,(Inputs!$C$22*G4*E4)/Inputs!$B$4))^2/6)+(Inputs!$B$34-(Inputs!$B$22*F4*E4)/D4*(Inputs!$B$5*MIN(1,(Inputs!$C$22*G4*E4)/Inputs!$B$4))-MIN(Inputs!$B$4,(Inputs!$C$22*G4*E4))/D4*(Inputs!$B$5*MIN(1,(Inputs!$C$22*G4*E4)/Inputs!$B$4))/2)^2/(2*(MIN(Inputs!$B$4,(Inputs!$C$22*G4*E4))+(Inputs!$B$22*F4*E4))/D4) -> 19.903356
A5: Light chassis | B5: Smooth wheels | C5: Medium motor | D5: =INDEX(Inputs!$C$10:$C$18,MATCH(A5,Inputs!$A$10:$A$18,0))+INDEX(Inputs!$C$10:$C$18,MATCH(B5,Inputs!$A$10:$A$18,0))+INDEX(Inputs!$C$10:$C$18,MATCH(C5,Inputs!$A$10:$A$18,0)) -> 161 | E5: =D5*Inputs!$B$3 -> 1577.8 | F5: =INDEX(Inputs!$E$10:$E$18,MATCH(B5,Inputs!$A$10:$A$18,0)) -> 0.6 | G5: =INDEX(Inputs!$F$10:$F$18,MATCH(B5,Inputs!$A$10:$A$18,0)) -> 0.8 | H5: =INDEX(Inputs!$D$10:$D$18,MATCH(C5,Inputs!$A$10:$A$18,0)) -> 1000 | I5: =INDEX(Inputs!$G$10:$G$18,MATCH(C5,Inputs!$A$10:$A$18,0)) -> 16 | J5: =(MIN(H5,Inputs!$C$22*G5*E5)-Inputs!$B$22*F5*E5)/D5 -> 6.0935801 | K5: =(MIN(H5,Inputs!$C$23*G5*E5)-Inputs!$B$23*F5*E5)/D5 -> 3.2144 | L5: =(MIN(H5,Inputs!$C$24*G5*E5)-Inputs!$B$24*F5*E5)/D5 -> 0.7252 | M5: =(MIN(Inputs!$B$4,Inputs!$C$22*G5*E5)+Inputs!$B$22*F5*E5)/D5 -> 6.3896 | N5: =(MIN(Inputs!$B$4,Inputs!$C$23*G5*E5)+Inputs!$B$23*F5*E5)/D5 -> 4.6256 | O5: =(MIN(Inputs!$B$4,Inputs!$C$24*G5*E5)+Inputs!$B$24*F5*E5)/D5 -> 0.8428 | P5: =Inputs!$B$22*F5*Inputs!$B$3 -> 0.1176 | Q5: =Inputs!$B$23*F5*Inputs!$B$3 -> 0.7056 | R5: =Inputs!$B$24*F5*Inputs!$B$3 -> 0.0588 | S5: =IF(J5<=0,"Cannot start",IF(I5^2/(2*J5)>=Inputs!$B$28,SQRT(2*Inputs!$B$28/J5),I5/J5+(Inputs!$B$28-I5^2/(2*J5))/I5)) -> 7.5628571 | T5: =IF(K5<=0,"Cannot start",IF(I5^2/(2*K5)>=Inputs!$B$29,SQRT(2*Inputs!$B$29/K5),I5/K5+(Inputs!$B$29-I5^2/(2*K5))/I5)) -> 7.8013004 | U5: =IF(S5<T5,"Asphalt route","Sand shortcut") -> Asphalt route | V5: =SQRT(2*Inputs!$B$31/L5) -> 8.3034028 | W5: =L5*Inputs!$B$31/(Inputs!$B$23*F5*Inputs!$B$3) -> 25.694444 | X5: =IF(Inputs!$B$4<=(Inputs!$C$22*G5*E5),"Brakes","Grip") -> Grip | Y5: =(Inputs!$B$34*(Inputs!$B$5*MIN(1,(Inputs!$C$22*G5*E5)/Inputs!$B$4))-0.5*(Inputs!$B$22*F5*E5)/D5*(Inputs!$B$5*MIN(1,(Inputs!$C$22*G5*E5)/Inputs!$B$4))^2-MIN(Inputs!$B$4,(Inputs!$C$22*G5*E5))/D5*(Inputs!$B$5*MIN(1,(Inputs!$C$22*G5*E5)/Inputs!$B$4))^2/6)+(Inputs!$B$34-(Inputs!$B$22*F5*E5)/D5*(Inputs!$B$5*MIN(1,(Inputs!$C$22*G5*E5)/Inputs!$B$4))-MIN(Inputs!$B$4,(Inputs!$C$22*G5*E5))/D5*(Inputs!$B$5*MIN(1,(Inputs!$C$22*G5*E5)/Inputs!$B$4))/2)^2/(2*(MIN(Inputs!$B$4,(Inputs!$C$22*G5*E5))+(Inputs!$B$22*F5*E5))/D5) -> 20.05351
A6: Light chassis | B6: Smooth wheels | C6: Large motor | D6: =INDEX(Inputs!$C$10:$C$18,MATCH(A6,Inputs!$A$10:$A$18,0))+INDEX(Inputs!$C$10:$C$18,MATCH(B6,Inputs!$A$10:$A$18,0))+INDEX(Inputs!$C$10:$C$18,MATCH(C6,Inputs!$A$10:$A$18,0)) -> 176 | E6: =D6*Inputs!$B$3 -> 1724.8 | F6: =INDEX(Inputs!$E$10:$E$18,MATCH(B6,Inputs!$A$10:$A$18,0)) -> 0.6 | G6: =INDEX(Inputs!$F$10:$F$18,MATCH(B6,Inputs!$A$10:$A$18,0)) -> 0.8 | H6: =INDEX(Inputs!$D$10:$D$18,MATCH(C6,Inputs!$A$10:$A$18,0)) -> 1400 | I6: =INDEX(Inputs!$G$10:$G$18,MATCH(C6,Inputs!$A$10:$A$18,0)) -> 14 | J6: =(MIN(H6,Inputs!$C$22*G6*E6)-Inputs!$B$22*F6*E6)/D6 -> 6.1544 | K6: =(MIN(H6,Inputs!$C$23*G6*E6)-Inputs!$B$23*F6*E6)/D6 -> 3.2144 | L6: =(MIN(H6,Inputs!$C$24*G6*E6)-Inputs!$B$24*F6*E6)/D6 -> 0.7252 | M6: =(MIN(Inputs!$B$4,Inputs!$C$22*G6*E6)+Inputs!$B$22*F6*E6)/D6 -> 6.3896 | N6: =(MIN(Inputs!$B$4,Inputs!$C$23*G6*E6)+Inputs!$B$23*F6*E6)/D6 -> 4.6256 | O6: =(MIN(Inputs!$B$4,Inputs!$C$24*G6*E6)+Inputs!$B$24*F6*E6)/D6 -> 0.8428 | P6: =Inputs!$B$22*F6*Inputs!$B$3 -> 0.1176 | Q6: =Inputs!$B$23*F6*Inputs!$B$3 -> 0.7056 | R6: =Inputs!$B$24*F6*Inputs!$B$3 -> 0.0588 | S6: =IF(J6<=0,"Cannot start",IF(I6^2/(2*J6)>=Inputs!$B$28,SQRT(2*Inputs!$B$28/J6),I6/J6+(Inputs!$B$28-I6^2/(2*J6))/I6)) -> 8.2802548 | T6: =IF(K6<=0,"Cannot start",IF(I6^2/(2*K6)>=Inputs!$B$29,SQRT(2*Inputs!$B$29/K6),I6/K6+(Inputs!$B$29-I6^2/(2*K6))/I6)) -> 8.2491289 | U6: =IF(S6<T6,"Asphalt route","Sand shortcut") -> Sand shortcut | V6: =SQRT(2*Inputs!$B$31/L6) -> 8.3034028 | W6: =L6*Inputs!$B$31/(Inputs!$B$23*F6*Inputs!$B$3) -> 25.694444 | X6: =IF(Inputs!$B$4<=(Inputs!$C$22*G6*E6),"Brakes","Grip") -> Grip | Y6: =(Inputs!$B$34*(Inputs!$B$5*MIN(1,(Inputs!$C$22*G6*E6)/Inputs!$B$4))-0.5*(Inputs!$B$22*F6*E6)/D6*(Inputs!$B$5*MIN(1,(Inputs!$C$22*G6*E6)/Inputs!$B$4))^2-MIN(Inputs!$B$4,(Inputs!$C$22*G6*E6))/D6*(Inputs!$B$5*MIN(1,(Inputs!$C$22*G6*E6)/Inputs!$B$4))^2/6)+(Inputs!$B$34-(Inputs!$B$22*F6*E6)/D6*(Inputs!$B$5*MIN(1,(Inputs!$C$22*G6*E6)/Inputs!$B$4))-MIN(Inputs!$B$4,(Inputs!$C$22*G6*E6))/D6*(Inputs!$B$5*MIN(1,(Inputs!$C$22*G6*E6)/Inputs!$B$4))/2)^2/(2*(MIN(Inputs!$B$4,(Inputs!$C$22*G6*E6))+(Inputs!$B$22*F6*E6))/D6) -> 20.278288
A7: Light chassis | B7: All-terrain wheels | C7: Small motor | D7: =INDEX(Inputs!$C$10:$C$18,MATCH(A7,Inputs!$A$10:$A$18,0))+INDEX(Inputs!$C$10:$C$18,MATCH(B7,Inputs!$A$10:$A$18,0))+INDEX(Inputs!$C$10:$C$18,MATCH(C7,Inputs!$A$10:$A$18,0)) -> 159 | E7: =D7*Inputs!$B$3 -> 1558.2 | F7: =INDEX(Inputs!$E$10:$E$18,MATCH(B7,Inputs!$A$10:$A$18,0)) -> 1 | G7: =INDEX(Inputs!$F$10:$F$18,MATCH(B7,Inputs!$A$10:$A$18,0)) -> 1 | H7: =INDEX(Inputs!$D$10:$D$18,MATCH(C7,Inputs!$A$10:$A$18,0)) -> 700 | I7: =INDEX(Inputs!$G$10:$G$18,MATCH(C7,Inputs!$A$10:$A$18,0)) -> 18 | J7: =(MIN(H7,Inputs!$C$22*G7*E7)-Inputs!$B$22*F7*E7)/D7 -> 4.2065157 | K7: =(MIN(H7,Inputs!$C$23*G7*E7)-Inputs!$B$23*F7*E7)/D7 -> 3.2265157 | L7: =(MIN(H7,Inputs!$C$24*G7*E7)-Inputs!$B$24*F7*E7)/D7 -> 0.882 | M7: =(MIN(Inputs!$B$4,Inputs!$C$22*G7*E7)+Inputs!$B$22*F7*E7)/D7 -> 8.036 | N7: =(MIN(Inputs!$B$4,Inputs!$C$23*G7*E7)+Inputs!$B$23*F7*E7)/D7 -> 6.076 | O7: =(MIN(Inputs!$B$4,Inputs!$C$24*G7*E7)+Inputs!$B$24*F7*E7)/D7 -> 1.078 | P7: =Inputs!$B$22*F7*Inputs!$B$3 -> 0.196 | Q7: =Inputs!$B$23*F7*Inputs!$B$3 -> 1.176 | R7: =Inputs!$B$24*F7*Inputs!$B$3 -> 0.098 | S7: =IF(J7<=0,"Cannot start",IF(I7^2/(2*J7)>=Inputs!$B$28,SQRT(2*Inputs!$B$28/J7),I7/J7+(Inputs!$B$28-I7^2/(2*J7))/I7)) -> 7.6950935 | T7: =IF(K7<=0,"Cannot start",IF(I7^2/(2*K7)>=Inputs!$B$29,SQRT(2*Inputs!$B$29/K7),I7/K7+(Inputs!$B$29-I7^2/(2*K7))/I7)) -> 7.5116089 | U7: =IF(S7<T7,"Asphalt route","Sand shortcut") -> Sand shortcut | V7: =SQRT(2*Inputs!$B$31/L7) -> 7.5292325 | W7: =L7*Inputs!$B$31/(Inputs!$B$23*F7*Inputs!$B$3) -> 18.75 | X7: =IF(Inputs!$B$4<=(Inputs!$C$22*G7*E7),"Brakes","Grip") -> Grip | Y7: =(Inputs!$B$34*(Inputs!$B$5*MIN(1,(Inputs!$C$22*G7*E7)/Inputs!$B$4))-0.5*(Inputs!$B$22*F7*E7)/D7*(Inputs!$B$5*MIN(1,(Inputs!$C$22*G7*E7)/Inputs!$B$4))^2-MIN(Inputs!$B$4,(Inputs!$C$22*G7*E7))/D7*(Inputs!$B$5*MIN(1,(Inputs!$C$22*G7*E7)/Inputs!$B$4))^2/6)+(Inputs!$B$34-(Inputs!$B$22*F7*E7)/D7*(Inputs!$B$5*MIN(1,(Inputs!$C$22*G7*E7)/Inputs!$B$4))-MIN(Inputs!$B$4,(Inputs!$C$22*G7*E7))/D7*(Inputs!$B$5*MIN(1,(Inputs!$C$22*G7*E7)/Inputs!$B$4))/2)^2/(2*(MIN(Inputs!$B$4,(Inputs!$C$22*G7*E7))+(Inputs!$B$22*F7*E7))/D7) -> 16.979364
A8: Light chassis | B8: All-terrain wheels | C8: Medium motor | D8: =INDEX(Inputs!$C$10:$C$18,MATCH(A8,Inputs!$A$10:$A$18,0))+INDEX(Inputs!$C$10:$C$18,MATCH(B8,Inputs!$A$10:$A$18,0))+INDEX(Inputs!$C$10:$C$18,MATCH(C8,Inputs!$A$10:$A$18,0)) -> 169 | E8: =D8*Inputs!$B$3 -> 1656.2 | F8: =INDEX(Inputs!$E$10:$E$18,MATCH(B8,Inputs!$A$10:$A$18,0)) -> 1 | G8: =INDEX(Inputs!$F$10:$F$18,MATCH(B8,Inputs!$A$10:$A$18,0)) -> 1 | H8: =INDEX(Inputs!$D$10:$D$18,MATCH(C8,Inputs!$A$10:$A$18,0)) -> 1000 | I8: =INDEX(Inputs!$G$10:$G$18,MATCH(C8,Inputs!$A$10:$A$18,0)) -> 16 | J8: =(MIN(H8,Inputs!$C$22*G8*E8)-Inputs!$B$22*F8*E8)/D8 -> 5.7211598 | K8: =(MIN(H8,Inputs!$C$23*G8*E8)-Inputs!$B$23*F8*E8)/D8 -> 3.724 | L8: =(MIN(H8,Inputs!$C$24*G8*E8)-Inputs!$B$24*F8*E8)/D8 -> 0.882 | M8: =(MIN(Inputs!$B$4,Inputs!$C$22*G8*E8)+Inputs!$B$22*F8*E8)/D8 -> 8.036 | N8: =(MIN(Inputs!$B$4,Inputs!$C$23*G8*E8)+Inputs!$B$23*F8*E8)/D8 -> 6.076 | O8: =(MIN(Inputs!$B$4,Inputs!$C$24*G8*E8)+Inputs!$B$24*F8*E8)/D8 -> 1.078 | P8: =Inputs!$B$22*F8*Inputs!$B$3 -> 0.196 | Q8: =Inputs!$B$23*F8*Inputs!$B$3 -> 1.176 | R8: =Inputs!$B$24*F8*Inputs!$B$3 -> 0.098 | S8: =IF(J8<=0,"Cannot start",IF(I8^2/(2*J8)>=Inputs!$B$28,SQRT(2*Inputs!$B$28/J8),I8/J8+(Inputs!$B$28-I8^2/(2*J8))/I8)) -> 7.6483179 | T8: =IF(K8<=0,"Cannot start",IF(I8^2/(2*K8)>=Inputs!$B$29,SQRT(2*Inputs!$B$29/K8),I8/K8+(Inputs!$B$29-I8^2/(2*K8))/I8)) -> 7.4607277 | U8: =IF(S8<T8,"Asphalt route","Sand shortcut") -> Sand shortcut | V8: =SQRT(2*Inputs!$B$31/L8) -> 7.5292325 | W8: =L8*Inputs!$B$31/(Inputs!$B$23*F8*Inputs!$B$3) -> 18.75 | X8: =IF(Inputs!$B$4<=(Inputs!$C$22*G8*E8),"Brakes","Grip") -> Grip | Y8: =(Inputs!$B$34*(Inputs!$B$5*MIN(1,(Inputs!$C$22*G8*E8)/Inputs!$B$4))-0.5*(Inputs!$B$22*F8*E8)/D8*(Inputs!$B$5*MIN(1,(Inputs!$C$22*G8*E8)/Inputs!$B$4))^2-MIN(Inputs!$B$4,(Inputs!$C$22*G8*E8))/D8*(Inputs!$B$5*MIN(1,(Inputs!$C$22*G8*E8)/Inputs!$B$4))^2/6)+(Inputs!$B$34-(Inputs!$B$22*F8*E8)/D8*(Inputs!$B$5*MIN(1,(Inputs!$C$22*G8*E8)/Inputs!$B$4))-MIN(Inputs!$B$4,(Inputs!$C$22*G8*E8))/D8*(Inputs!$B$5*MIN(1,(Inputs!$C$22*G8*E8)/Inputs!$B$4))/2)^2/(2*(MIN(Inputs!$B$4,(Inputs!$C$22*G8*E8))+(Inputs!$B$22*F8*E8))/D8) -> 17.162731
A9: Light chassis | B9: All-terrain wheels | C9: Large motor | D9: =INDEX(Inputs!$C$10:$C$18,MATCH(A9,Inputs!$A$10:$A$18,0))+INDEX(Inputs!$C$10:$C$18,MATCH(B9,Inputs!$A$10:$A$18,0))+INDEX(Inputs!$C$10:$C$18,MATCH(C9,Inputs!$A$10:$A$18,0)) -> 184 | E9: =D9*Inputs!$B$3 -> 1803.2 | F9: =INDEX(Inputs!$E$10:$E$18,MATCH(B9,Inputs!$A$10:$A$18,0)) -> 1 | G9: =INDEX(Inputs!$F$10:$F$18,MATCH(B9,Inputs!$A$10:$A$18,0)) -> 1 | H9: =INDEX(Inputs!$D$10:$D$18,MATCH(C9,Inputs!$A$10:$A$18,0)) -> 1400 | I9: =INDEX(Inputs!$G$10:$G$18,MATCH(C9,Inputs!$A$10:$A$18,0)) -> 14 | J9: =(MIN(H9,Inputs!$C$22*G9*E9)-Inputs!$B$22*F9*E9)/D9 -> 7.4126957 | K9: =(MIN(H9,Inputs!$C$23*G9*E9)-Inputs!$B$23*F9*E9)/D9 -> 3.724 | L9: =(MIN(H9,Inputs!$C$24*G9*E9)-Inputs!$B$24*F9*E9)/D9 -> 0.882 | M9: =(MIN(Inputs!$B$4,Inputs!$C$22*G9*E9)+Inputs!$B$22*F9*E9)/D9 -> 8.036 | N9: =(MIN(Inputs!$B$4,Inputs!$C$23*G9*E9)+Inputs!$B$23*F9*E9)/D9 -> 6.076 | O9: =(MIN(Inputs!$B$4,Inputs!$C$24*G9*E9)+Inputs!$B$24*F9*E9)/D9 -> 1.078 | P9: =Inputs!$B$22*F9*Inputs!$B$3 -> 0.196 | Q9: =Inputs!$B$23*F9*Inputs!$B$3 -> 1.176 | R9: =Inputs!$B$24*F9*Inputs!$B$3 -> 0.098 | S9: =IF(J9<=0,"Cannot start",IF(I9^2/(2*J9)>=Inputs!$B$28,SQRT(2*Inputs!$B$28/J9),I9/J9+(Inputs!$B$28-I9^2/(2*J9))/I9)) -> 8.087183 | T9: =IF(K9<=0,"Cannot start",IF(I9^2/(2*K9)>=Inputs!$B$29,SQRT(2*Inputs!$B$29/K9),I9/K9+(Inputs!$B$29-I9^2/(2*K9))/I9)) -> 7.9511278 | U9: =IF(S9<T9,"Asphalt route","Sand shortcut") -> Sand shortcut | V9: =SQRT(2*Inputs!$B$31/L9) -> 7.5292325 | W9: =L9*Inputs!$B$31/(Inputs!$B$23*F9*Inputs!$B$3) -> 18.75 | X9: =IF(Inputs!$B$4<=(Inputs!$C$22*G9*E9),"Brakes","Grip") -> Grip | Y9: =(Inputs!$B$34*(Inputs!$B$5*MIN(1,(Inputs!$C$22*G9*E9)/Inputs!$B$4))-0.5*(Inputs!$B$22*F9*E9)/D9*(Inputs!$B$5*MIN(1,(Inputs!$C$22*G9*E9)/Inputs!$B$4))^2-MIN(Inputs!$B$4,(Inputs!$C$22*G9*E9))/D9*(Inputs!$B$5*MIN(1,(Inputs!$C$22*G9*E9)/Inputs!$B$4))^2/6)+(Inputs!$B$34-(Inputs!$B$22*F9*E9)/D9*(Inputs!$B$5*MIN(1,(Inputs!$C$22*G9*E9)/Inputs!$B$4))-MIN(Inputs!$B$4,(Inputs!$C$22*G9*E9))/D9*(Inputs!$B$5*MIN(1,(Inputs!$C$22*G9*E9)/Inputs!$B$4))/2)^2/(2*(MIN(Inputs!$B$4,(Inputs!$C$22*G9*E9))+(Inputs!$B$22*F9*E9))/D9) -> 17.436883
A10: Light chassis | B10: Spiked wheels | C10: Small motor | D10: =INDEX(Inputs!$C$10:$C$18,MATCH(A10,Inputs!$A$10:$A$18,0))+INDEX(Inputs!$C$10:$C$18,MATCH(B10,Inputs!$A$10:$A$18,0))+INDEX(Inputs!$C$10:$C$18,MATCH(C10,Inputs!$A$10:$A$18,0)) -> 167 | E10: =D10*Inputs!$B$3 -> 1636.6 | F10: =INDEX(Inputs!$E$10:$E$18,MATCH(B10,Inputs!$A$10:$A$18,0)) -> 1.6 | G10: =INDEX(Inputs!$F$10:$F$18,MATCH(B10,Inputs!$A$10:$A$18,0)) -> 1.4 | H10: =INDEX(Inputs!$D$10:$D$18,MATCH(C10,Inputs!$A$10:$A$18,0)) -> 700 | I10: =INDEX(Inputs!$G$10:$G$18,MATCH(C10,Inputs!$A$10:$A$18,0)) -> 18 | J10: =(MIN(H10,Inputs!$C$22*G10*E10)-Inputs!$B$22*F10*E10)/D10 -> 3.8780168 | K10: =(MIN(H10,Inputs!$C$23*G10*E10)-Inputs!$B$23*F10*E10)/D10 -> 2.3100168 | L10: =(MIN(H10,Inputs!$C$24*G10*E10)-Inputs!$B$24*F10*E10)/D10 -> 1.2152 | M10: =(MIN(Inputs!$B$4,Inputs!$C$22*G10*E10)+Inputs!$B$22*F10*E10)/D10 -> 9.2956359 | N10: =(MIN(Inputs!$B$4,Inputs!$C$23*G10*E10)+Inputs!$B$23*F10*E10)/D10 -> 8.7416 | O10: =(MIN(Inputs!$B$4,Inputs!$C$24*G10*E10)+Inputs!$B$24*F10*E10)/D10 -> 1.5288 | P10: =Inputs!$B$22*F10*Inputs!$B$3 -> 0.3136 | Q10: =Inputs!$B$23*F10*Inputs!$B$3 -> 1.8816 | R10: =Inputs!$B$24*F10*Inputs!$B$3 -> 0.1568 | S10: =IF(J10<=0,"Cannot start",IF(I10^2/(2*J10)>=Inputs!$B$28,SQRT(2*Inputs!$B$28/J10),I10/J10+(Inputs!$B$28-I10^2/(2*J10))/I10)) -> 7.8763294 | T10: =IF(K10<=0,"Cannot start",IF(I10^2/(2*K10)>=Inputs!$B$29,SQRT(2*Inputs!$B$29/K10),I10/K10+(Inputs!$B$29-I10^2/(2*K10))/I10)) -> 8.6182978 | U10: =IF(S10<T10,"Asphalt route","Sand shortcut") -> Asphalt route | V10: =SQRT(2*Inputs!$B$31/L10) -> 6.4144751 | W10: =L10*Inputs!$B$31/(Inputs!$B$23*F10*Inputs!$B$3) -> 16.145833 | X10: =IF(Inputs!$B$4<=(Inputs!$C$22*G10*E10),"Brakes","Grip") -> Brakes | Y10: =(Inputs!$B$34*(Inputs!$B$5*MIN(1,(Inputs!$C$22*G10*E10)/Inputs!$B$4))-0.5*(Inputs!$B$22*F10*E10)/D10*(Inputs!$B$5*MIN(1,(Inputs!$C$22*G10*E10)/Inputs!$B$4))^2-MIN(Inputs!$B$4,(Inputs!$C$22*G10*E10))/D10*(Inputs!$B$5*MIN(1,(Inputs!$C$22*G10*E10)/Inputs!$B$4))^2/6)+(Inputs!$B$34-(Inputs!$B$22*F10*E10)/D10*(Inputs!$B$5*MIN(1,(Inputs!$C$22*G10*E10)/Inputs!$B$4))-MIN(Inputs!$B$4,(Inputs!$C$22*G10*E10))/D10*(Inputs!$B$5*MIN(1,(Inputs!$C$22*G10*E10)/Inputs!$B$4))/2)^2/(2*(MIN(Inputs!$B$4,(Inputs!$C$22*G10*E10))+(Inputs!$B$22*F10*E10))/D10) -> 15.62291
A11: Light chassis | B11: Spiked wheels | C11: Medium motor | D11: =INDEX(Inputs!$C$10:$C$18,MATCH(A11,Inputs!$A$10:$A$18,0))+INDEX(Inputs!$C$10:$C$18,MATCH(B11,Inputs!$A$10:$A$18,0))+INDEX(Inputs!$C$10:$C$18,MATCH(C11,Inputs!$A$10:$A$18,0)) -> 177 | E11: =D11*Inputs!$B$3 -> 1734.6 | F11: =INDEX(Inputs!$E$10:$E$18,MATCH(B11,Inputs!$A$10:$A$18,0)) -> 1.6 | G11: =INDEX(Inputs!$F$10:$F$18,MATCH(B11,Inputs!$A$10:$A$18,0)) -> 1.4 | H11: =INDEX(Inputs!$D$10:$D$18,MATCH(C11,Inputs!$A$10:$A$18,0)) -> 1000 | I11: =INDEX(Inputs!$G$10:$G$18,MATCH(C11,Inputs!$A$10:$A$18,0)) -> 16 | J11: =(MIN(H11,Inputs!$C$22*G11*E11)-Inputs!$B$22*F11*E11)/D11 -> 5.3361175 | K11: =(MIN(H11,Inputs!$C$23*G11*E11)-Inputs!$B$23*F11*E11)/D11 -> 3.7681175 | L11: =(MIN(H11,Inputs!$C$24*G11*E11)-Inputs!$B$24*F11*E11)/D11 -> 1.2152 | M11: =(MIN(Inputs!$B$4,Inputs!$C$22*G11*E11)+Inputs!$B$22*F11*E11)/D11 -> 8.7881763 | N11: =(MIN(Inputs!$B$4,Inputs!$C$23*G11*E11)+Inputs!$B$23*F11*E11)/D11 -> 8.7416 | O11: =(MIN(Inputs!$B$4,Inputs!$C$24*G11*E11)+Inputs!$B$24*F11*E11)/D11 -> 1.5288 | P11: =Inputs!$B$22*F11*Inputs!$B$3 -> 0.3136 | Q11: =Inputs!$B$23*F11*Inputs!$B$3 -> 1.8816 | R11: =Inputs!$B$24*F11*Inputs!$B$3 -> 0.1568 | S11: =IF(J11<=0,"Cannot start",IF(I11^2/(2*J11)>=Inputs!$B$28,SQRT(2*Inputs!$B$28/J11),I11/J11+(Inputs!$B$28-I11^2/(2*J11))/I11)) -> 7.7492174 | T11: =IF(K11<=0,"Cannot start",IF(I11^2/(2*K11)>=Inputs!$B$29,SQRT(2*Inputs!$B$29/K11),I11/K11+(Inputs!$B$29-I11^2/(2*K11))/I11)) -> 7.435576 | U11: =IF(S11<T11,"Asphalt route","Sand shortcut") -> Sand shortcut | V11: =SQRT(2*Inputs!$B$31/L11) -> 6.4144751 | W11: =L11*Inputs!$B$31/(Inputs!$B$23*F11*Inputs!$B$3) -> 16.145833 | X11: =IF(Inputs!$B$4<=(Inputs!$C$22*G11*E11),"Brakes","Grip") -> Brakes | Y11: =(Inputs!$B$34*(Inputs!$B$5*MIN(1,(Inputs!$C$22*G11*E11)/Inputs!$B$4))-0.5*(Inputs!$B$22*F11*E11)/D11*(Inputs!$B$5*MIN(1,(Inputs!$C$22*G11*E11)/Inputs!$B$4))^2-MIN(Inputs!$B$4,(Inputs!$C$22*G11*E11))/D11*(Inputs!$B$5*MIN(1,(Inputs!$C$22*G11*E11)/Inputs!$B$4))^2/6)+(Inputs!$B$34-(Inputs!$B$22*F11*E11)/D11*(Inputs!$B$5*MIN(1,(Inputs!$C$22*G11*E11)/Inputs!$B$4))-MIN(Inputs!$B$4,(Inputs!$C$22*G11*E11))/D11*(Inputs!$B$5*MIN(1,(Inputs!$C$22*G11*E11)/Inputs!$B$4))/2)^2/(2*(MIN(Inputs!$B$4,(Inputs!$C$22*G11*E11))+(Inputs!$B$22*F11*E11))/D11) -> 16.319748
A12: Light chassis | B12: Spiked wheels | C12: Large motor | D12: =INDEX(Inputs!$C$10:$C$18,MATCH(A12,Inputs!$A$10:$A$18,0))+INDEX(Inputs!$C$10:$C$18,MATCH(B12,Inputs!$A$10:$A$18,0))+INDEX(Inputs!$C$10:$C$18,MATCH(C12,Inputs!$A$10:$A$18,0)) -> 192 | E12: =D12*Inputs!$B$3 -> 1881.6 | F12: =INDEX(Inputs!$E$10:$E$18,MATCH(B12,Inputs!$A$10:$A$18,0)) -> 1.6 | G12: =INDEX(Inputs!$F$10:$F$18,MATCH(B12,Inputs!$A$10:$A$18,0)) -> 1.4 | H12: =INDEX(Inputs!$D$10:$D$18,MATCH(C12,Inputs!$A$10:$A$18,0)) -> 1400 | I12: =INDEX(Inputs!$G$10:$G$18,MATCH(C12,Inputs!$A$10:$A$18,0)) -> 14 | J12: =(MIN(H12,Inputs!$C$22*G12*E12)-Inputs!$B$22*F12*E12)/D12 -> 6.9780667 | K12: =(MIN(H12,Inputs!$C$23*G12*E12)-Inputs!$B$23*F12*E12)/D12 -> 4.9784 | L12: =(MIN(H12,Inputs!$C$24*G12*E12)-Inputs!$B$24*F12*E12)/D12 -> 1.2152 | M12: =(MIN(Inputs!$B$4,Inputs!$C$22*G12*E12)+Inputs!$B$22*F12*E12)/D12 -> 8.1261 | N12: =(MIN(Inputs!$B$4,Inputs!$C$23*G12*E12)+Inputs!$B$23*F12*E12)/D12 -> 8.7416 | O12: =(MIN(Inputs!$B$4,Inputs!$C$24*G12*E12)+Inputs!$B$24*F12*E12)/D12 -> 1.5288 | P12: =Inputs!$B$22*F12*Inputs!$B$3 -> 0.3136 | Q12: =Inputs!$B$23*F12*Inputs!$B$3 -> 1.8816 | R12: =Inputs!$B$24*F12*Inputs!$B$3 -> 0.1568 | S12: =IF(J12<=0,"Cannot start",IF(I12^2/(2*J12)>=Inputs!$B$28,SQRT(2*Inputs!$B$28/J12),I12/J12+(Inputs!$B$28-I12^2/(2*J12))/I12)) -> 8.1460003 | T12: =IF(K12<=0,"Cannot start",IF(I12^2/(2*K12)>=Inputs!$B$29,SQRT(2*Inputs!$B$29/K12),I12/K12+(Inputs!$B$29-I12^2/(2*K12))/I12)) -> 7.4775028 | U12: =IF(S12<T12,"Asphalt route","Sand shortcut") -> Sand shortcut | V12: =SQRT(2*Inputs!$B$31/L12) -> 6.4144751 | W12: =L12*Inputs!$B$31/(Inputs!$B$23*F12*Inputs!$B$3) -> 16.145833 | X12: =IF(Inputs!$B$4<=(Inputs!$C$22*G12*E12),"Brakes","Grip") -> Brakes | Y12: =(Inputs!$B$34*(Inputs!$B$5*MIN(1,(Inputs!$C$22*G12*E12)/Inputs!$B$4))-0.5*(Inputs!$B$22*F12*E12)/D12*(Inputs!$B$5*MIN(1,(Inputs!$C$22*G12*E12)/Inputs!$B$4))^2-MIN(Inputs!$B$4,(Inputs!$C$22*G12*E12))/D12*(Inputs!$B$5*MIN(1,(Inputs!$C$22*G12*E12)/Inputs!$B$4))^2/6)+(Inputs!$B$34-(Inputs!$B$22*F12*E12)/D12*(Inputs!$B$5*MIN(1,(Inputs!$C$22*G12*E12)/Inputs!$B$4))-MIN(Inputs!$B$4,(Inputs!$C$22*G12*E12))/D12*(Inputs!$B$5*MIN(1,(Inputs!$C$22*G12*E12)/Inputs!$B$4))/2)^2/(2*(MIN(Inputs!$B$4,(Inputs!$C$22*G12*E12))+(Inputs!$B$22*F12*E12))/D12) -> 17.358759
A13: Standard chassis | B13: Smooth wheels | C13: Small motor | D13: =INDEX(Inputs!$C$10:$C$18,MATCH(A13,Inputs!$A$10:$A$18,0))+INDEX(Inputs!$C$10:$C$18,MATCH(B13,Inputs!$A$10:$A$18,0))+INDEX(Inputs!$C$10:$C$18,MATCH(C13,Inputs!$A$10:$A$18,0)) -> 191 | E13: =D13*Inputs!$B$3 -> 1871.8 | F13: =INDEX(Inputs!$E$10:$E$18,MATCH(B13,Inputs!$A$10:$A$18,0)) -> 0.6 | G13: =INDEX(Inputs!$F$10:$F$18,MATCH(B13,Inputs!$A$10:$A$18,0)) -> 0.8 | H13: =INDEX(Inputs!$D$10:$D$18,MATCH(C13,Inputs!$A$10:$A$18,0)) -> 700 | I13: =INDEX(Inputs!$G$10:$G$18,MATCH(C13,Inputs!$A$10:$A$18,0)) -> 18 | J13: =(MIN(H13,Inputs!$C$22*G13*E13)-Inputs!$B$22*F13*E13)/D13 -> 3.5473215 | K13: =(MIN(H13,Inputs!$C$23*G13*E13)-Inputs!$B$23*F13*E13)/D13 -> 2.9593215 | L13: =(MIN(H13,Inputs!$C$24*G13*E13)-Inputs!$B$24*F13*E13)/D13 -> 0.7252 | M13: =(MIN(Inputs!$B$4,Inputs!$C$22*G13*E13)+Inputs!$B$22*F13*E13)/D13 -> 6.3896 | N13: =(MIN(Inputs!$B$4,Inputs!$C$23*G13*E13)+Inputs!$B$23*F13*E13)/D13 -> 4.6256 | O13: =(MIN(Inputs!$B$4,Inputs!$C$24*G13*E13)+Inputs!$B$24*F13*E13)/D13 -> 0.8428 | P13: =Inputs!$B$22*F13*Inputs!$B$3 -> 0.1176 | Q13: =Inputs!$B$23*F13*Inputs!$B$3 -> 0.7056 | R13: =Inputs!$B$24*F13*Inputs!$B$3 -> 0.0588 | S13: =IF(J13<=0,"Cannot start",IF(I13^2/(2*J13)>=Inputs!$B$28,SQRT(2*Inputs!$B$28/J13),I13/J13+(Inputs!$B$28-I13^2/(2*J13))/I13)) -> 8.0926811 | T13: =IF(K13<=0,"Cannot start",IF(I13^2/(2*K13)>=Inputs!$B$29,SQRT(2*Inputs!$B$29/K13),I13/K13+(Inputs!$B$29-I13^2/(2*K13))/I13)) -> 7.7634599 | U13: =IF(S13<T13,"Asphalt route","Sand shortcut") -> Sand shortcut | V13: =SQRT(2*Inputs!$B$31/L13) -> 8.3034028 | W13: =L13*Inputs!$B$31/(Inputs!$B$23*F13*Inputs!$B$3) -> 25.694444 | X13: =IF(Inputs!$B$4<=(Inputs!$C$22*G13*E13),"Brakes","Grip") -> Grip | Y13: =(Inputs!$B$34*(Inputs!$B$5*MIN(1,(Inputs!$C$22*G13*E13)/Inputs!$B$4))-0.5*(Inputs!$B$22*F13*E13)/D13*(Inputs!$B$5*MIN(1,(Inputs!$C$22*G13*E13)/Inputs!$B$4))^2-MIN(Inputs!$B$4,(Inputs!$C$22*G13*E13))/D13*(Inputs!$B$5*MIN(1,(Inputs!$C$22*G13*E13)/Inputs!$B$4))^2/6)+(Inputs!$B$34-(Inputs!$B$22*F13*E13)/D13*(Inputs!$B$5*MIN(1,(Inputs!$C$22*G13*E13)/Inputs!$B$4))-MIN(Inputs!$B$4,(Inputs!$C$22*G13*E13))/D13*(Inputs!$B$5*MIN(1,(Inputs!$C$22*G13*E13)/Inputs!$B$4))/2)^2/(2*(MIN(Inputs!$B$4,(Inputs!$C$22*G13*E13))+(Inputs!$B$22*F13*E13))/D13) -> 20.502524
A14: Standard chassis | B14: Smooth wheels | C14: Medium motor | D14: =INDEX(Inputs!$C$10:$C$18,MATCH(A14,Inputs!$A$10:$A$18,0))+INDEX(Inputs!$C$10:$C$18,MATCH(B14,Inputs!$A$10:$A$18,0))+INDEX(Inputs!$C$10:$C$18,MATCH(C14,Inputs!$A$10:$A$18,0)) -> 201 | E14: =D14*Inputs!$B$3 -> 1969.8 | F14: =INDEX(Inputs!$E$10:$E$18,MATCH(B14,Inputs!$A$10:$A$18,0)) -> 0.6 | G14: =INDEX(Inputs!$F$10:$F$18,MATCH(B14,Inputs!$A$10:$A$18,0)) -> 0.8 | H14: =INDEX(Inputs!$D$10:$D$18,MATCH(C14,Inputs!$A$10:$A$18,0)) -> 1000 | I14: =INDEX(Inputs!$G$10:$G$18,MATCH(C14,Inputs!$A$10:$A$18,0)) -> 16 | J14: =(MIN(H14,Inputs!$C$22*G14*E14)-Inputs!$B$22*F14*E14)/D14 -> 4.8575244 | K14: =(MIN(H14,Inputs!$C$23*G14*E14)-Inputs!$B$23*F14*E14)/D14 -> 3.2144 | L14: =(MIN(H14,Inputs!$C$24*G14*E14)-Inputs!$B$24*F14*E14)/D14 -> 0.7252 | M14: =(MIN(Inputs!$B$4,Inputs!$C$22*G14*E14)+Inputs!$B$22*F14*E14)/D14 -> 6.3896 | N14: =(MIN(Inputs!$B$4,Inputs!$C$23*G14*E14)+Inputs!$B$23*F14*E14)/D14 -> 4.6256 | O14: =(MIN(Inputs!$B$4,Inputs!$C$24*G14*E14)+Inputs!$B$24*F14*E14)/D14 -> 0.8428 | P14: =Inputs!$B$22*F14*Inputs!$B$3 -> 0.1176 | Q14: =Inputs!$B$23*F14*Inputs!$B$3 -> 0.7056 | R14: =Inputs!$B$24*F14*Inputs!$B$3 -> 0.0588 | S14: =IF(J14<=0,"Cannot start",IF(I14^2/(2*J14)>=Inputs!$B$28,SQRT(2*Inputs!$B$28/J14),I14/J14+(Inputs!$B$28-I14^2/(2*J14))/I14)) -> 7.8969295 | T14: =IF(K14<=0,"Cannot start",IF(I14^2/(2*K14)>=Inputs!$B$29,SQRT(2*Inputs!$B$29/K14),I14/K14+(Inputs!$B$29-I14^2/(2*K14))/I14)) -> 7.8013004 | U14: =IF(S14<T14,"Asphalt route","Sand shortcut") -> Sand shortcut | V14: =SQRT(2*Inputs!$B$31/L14) -> 8.3034028 | W14: =L14*Inputs!$B$31/(Inputs!$B$23*F14*Inputs!$B$3) -> 25.694444 | X14: =IF(Inputs!$B$4<=(Inputs!$C$22*G14*E14),"Brakes","Grip") -> Grip | Y14: =(Inputs!$B$34*(Inputs!$B$5*MIN(1,(Inputs!$C$22*G14*E14)/Inputs!$B$4))-0.5*(Inputs!$B$22*F14*E14)/D14*(Inputs!$B$5*MIN(1,(Inputs!$C$22*G14*E14)/Inputs!$B$4))^2-MIN(Inputs!$B$4,(Inputs!$C$22*G14*E14))/D14*(Inputs!$B$5*MIN(1,(Inputs!$C$22*G14*E14)/Inputs!$B$4))^2/6)+(Inputs!$B$34-(Inputs!$B$22*F14*E14)/D14*(Inputs!$B$5*MIN(1,(Inputs!$C$22*G14*E14)/Inputs!$B$4))-MIN(Inputs!$B$4,(Inputs!$C$22*G14*E14))/D14*(Inputs!$B$5*MIN(1,(Inputs!$C$22*G14*E14)/Inputs!$B$4))/2)^2/(2*(MIN(Inputs!$B$4,(Inputs!$C$22*G14*E14))+(Inputs!$B$22*F14*E14))/D14) -> 20.651713
A15: Standard chassis | B15: Smooth wheels | C15: Large motor | D15: =INDEX(Inputs!$C$10:$C$18,MATCH(A15,Inputs!$A$10:$A$18,0))+INDEX(Inputs!$C$10:$C$18,MATCH(B15,Inputs!$A$10:$A$18,0))+INDEX(Inputs!$C$10:$C$18,MATCH(C15,Inputs!$A$10:$A$18,0)) -> 216 | E15: =D15*Inputs!$B$3 -> 2116.8 | F15: =INDEX(Inputs!$E$10:$E$18,MATCH(B15,Inputs!$A$10:$A$18,0)) -> 0.6 | G15: =INDEX(Inputs!$F$10:$F$18,MATCH(B15,Inputs!$A$10:$A$18,0)) -> 0.8 | H15: =INDEX(Inputs!$D$10:$D$18,MATCH(C15,Inputs!$A$10:$A$18,0)) -> 1400 | I15: =INDEX(Inputs!$G$10:$G$18,MATCH(C15,Inputs!$A$10:$A$18,0)) -> 14 | J15: =(MIN(H15,Inputs!$C$22*G15*E15)-Inputs!$B$22*F15*E15)/D15 -> 6.1544 | K15: =(MIN(H15,Inputs!$C$23*G15*E15)-Inputs!$B$23*F15*E15)/D15 -> 3.2144 | L15: =(MIN(H15,Inputs!$C$24*G15*E15)-Inputs!$B$24*F15*E15)/D15 -> 0.7252 | M15: =(MIN(Inputs!$B$4,Inputs!$C$22*G15*E15)+Inputs!$B$22*F15*E15)/D15 -> 6.3896 | N15: =(MIN(Inputs!$B$4,Inputs!$C$23*G15*E15)+Inputs!$B$23*F15*E15)/D15 -> 4.6256 | O15: =(MIN(Inputs!$B$4,Inputs!$C$24*G15*E15)+Inputs!$B$24*F15*E15)/D15 -> 0.8428 | P15: =Inputs!$B$22*F15*Inputs!$B$3 -> 0.1176 | Q15: =Inputs!$B$23*F15*Inputs!$B$3 -> 0.7056 | R15: =Inputs!$B$24*F15*Inputs!$B$3 -> 0.0588 | S15: =IF(J15<=0,"Cannot start",IF(I15^2/(2*J15)>=Inputs!$B$28,SQRT(2*Inputs!$B$28/J15),I15/J15+(Inputs!$B$28-I15^2/(2*J15))/I15)) -> 8.2802548 | T15: =IF(K15<=0,"Cannot start",IF(I15^2/(2*K15)>=Inputs!$B$29,SQRT(2*Inputs!$B$29/K15),I15/K15+(Inputs!$B$29-I15^2/(2*K15))/I15)) -> 8.2491289 | U15: =IF(S15<T15,"Asphalt route","Sand shortcut") -> Sand shortcut | V15: =SQRT(2*Inputs!$B$31/L15) -> 8.3034028 | W15: =L15*Inputs!$B$31/(Inputs!$B$23*F15*Inputs!$B$3) -> 25.694444 | X15: =IF(Inputs!$B$4<=(Inputs!$C$22*G15*E15),"Brakes","Grip") -> Grip | Y15: =(Inputs!$B$34*(Inputs!$B$5*MIN(1,(Inputs!$C$22*G15*E15)/Inputs!$B$4))-0.5*(Inputs!$B$22*F15*E15)/D15*(Inputs!$B$5*MIN(1,(Inputs!$C$22*G15*E15)/Inputs!$B$4))^2-MIN(Inputs!$B$4,(Inputs!$C$22*G15*E15))/D15*(Inputs!$B$5*MIN(1,(Inputs!$C$22*G15*E15)/Inputs!$B$4))^2/6)+(Inputs!$B$34-(Inputs!$B$22*F15*E15)/D15*(Inputs!$B$5*MIN(1,(Inputs!$C$22*G15*E15)/Inputs!$B$4))-MIN(Inputs!$B$4,(Inputs!$C$22*G15*E15))/D15*(Inputs!$B$5*MIN(1,(Inputs!$C$22*G15*E15)/Inputs!$B$4))/2)^2/(2*(MIN(Inputs!$B$4,(Inputs!$C$22*G15*E15))+(Inputs!$B$22*F15*E15))/D15) -> 20.875045
... A30: Heavy chassis | B30: Spiked wheels | C30: Large motor | D30: =INDEX(Inputs!$C$10:$C$18,MATCH(A30,Inputs!$A$10:$A$18,0))+INDEX(Inputs!$C$10:$C$18,MATCH(B30,Inputs!$A$10:$A$18,0))+INDEX(Inputs!$C$10:$C$18,MATCH(C30,Inputs!$A$10:$A$18,0)) -> 292 | E30: =D30*Inputs!$B$3 -> 2861.6 | F30: =INDEX(Inputs!$E$10:$E$18,MATCH(B30,Inputs!$A$10:$A$18,0)) -> 1.6 | G30: =INDEX(Inputs!$F$10:$F$18,MATCH(B30,Inputs!$A$10:$A$18,0)) -> 1.4 | H30: =INDEX(Inputs!$D$10:$D$18,MATCH(C30,Inputs!$A$10:$A$18,0)) -> 1400 | I30: =INDEX(Inputs!$G$10:$G$18,MATCH(C30,Inputs!$A$10:$A$18,0)) -> 14 | J30: =(MIN(H30,Inputs!$C$22*G30*E30)-Inputs!$B$22*F30*E30)/D30 -> 4.4809205 | K30: =(MIN(H30,Inputs!$C$23*G30*E30)-Inputs!$B$23*F30*E30)/D30 -> 2.9129205 | L30: =(MIN(H30,Inputs!$C$24*G30*E30)-Inputs!$B$24*F30*E30)/D30 -> 1.2152 | M30: =(MIN(Inputs!$B$4,Inputs!$C$22*G30*E30)+Inputs!$B$22*F30*E30)/D30 -> 5.4505863 | N30: =(MIN(Inputs!$B$4,Inputs!$C$23*G30*E30)+Inputs!$B$23*F30*E30)/D30 -> 7.0185863 | O30: =(MIN(Inputs!$B$4,Inputs!$C$24*G30*E30)+Inputs!$B$24*F30*E30)/D30 -> 1.5288 | P30: =Inputs!$B$22*F30*Inputs!$B$3 -> 0.3136 | Q30: =Inputs!$B$23*F30*Inputs!$B$3 -> 1.8816 | R30: =Inputs!$B$24*F30*Inputs!$B$3 -> 0.1568 | S30: =IF(J30<=0,"Cannot start",IF(I30^2/(2*J30)>=Inputs!$B$28,SQRT(2*Inputs!$B$28/J30),I30/J30+(Inputs!$B$28-I30^2/(2*J30))/I30)) -> 8.7050361 | T30: =IF(K30<=0,"Cannot start",IF(I30^2/(2*K30)>=Inputs!$B$29,SQRT(2*Inputs!$B$29/K30),I30/K30+(Inputs!$B$29-I30^2/(2*K30))/I30)) -> 8.4745151 | U30: =IF(S30<T30,"Asphalt route","Sand shortcut") -> Sand shortcut | V30: =SQRT(2*Inputs!$B$31/L30) -> 6.4144751 | W30: =L30*Inputs!$B$31/(Inputs!$B$23*F30*Inputs!$B$3) -> 16.145833 | X30: =IF(Inputs!$B$4<=(Inputs!$C$22*G30*E30),"Brakes","Grip") -> Brakes | Y30: =(Inputs!$B$34*(Inputs!$B$5*MIN(1,(Inputs!$C$22*G30*E30)/Inputs!$B$4))-0.5*(Inputs!$B$22*F30*E30)/D30*(Inputs!$B$5*MIN(1,(Inputs!$C$22*G30*E30)/Inputs!$B$4))^2-MIN(Inputs!$B$4,(Inputs!$C$22*G30*E30))/D30*(Inputs!$B$5*MIN(1,(Inputs!$C$22*G30*E30)/Inputs!$B$4))^2/6)+(Inputs!$B$34-(Inputs!$B$22*F30*E30)/D30*(Inputs!$B$5*MIN(1,(Inputs!$C$22*G30*E30)/Inputs!$B$4))-MIN(Inputs!$B$4,(Inputs!$C$22*G30*E30))/D30*(Inputs!$B$5*MIN(1,(Inputs!$C$22*G30*E30)/Inputs!$B$4))/2)^2/(2*(MIN(Inputs!$B$4,(Inputs!$C$22*G30*E30))+(Inputs!$B$22*F30*E30))/D30) -> 24.111478

Sheet Simulation
A1: Step-by-step simulation results
A2: Output of the simulation (1/120 s steps, throttle build-up 1.0 s, brake build-up 0.5 s, full throttle, straight path). Values, not formulas: rerun the simulation after changing inputs.
A3: Chassis | B3: Wheels | C3: Motor | D3: M1 time, asphalt route (s) | E3: M1 time, sand shortcut (s) | F3: M2 ice time (s) | G3: M2 coasting distance (m) | H3: M3 stopping distance (m)
A4: Light chassis | B4: Smooth wheels | C4: Small motor | D4: 8.05 | E4: 8.017 | F4: 8.392 | G4: 25.704 | H4: 19.842
A5: Light chassis | B5: Smooth wheels | C5: Medium motor | D5: 8.058 | E5: 8.175 | F5: 8.375 | G5: 25.743 | H5: 19.993
A6: Light chassis | B6: Smooth wheels | C6: Large motor | D6: 8.675 | E6: 8.542 | F6: 8.358 | G6: 25.732 | H6: 20.217
A7: Light chassis | B7: All-terrain wheels | C7: Small motor | D7: 8.208 | E7: 8.142 | F7: 7.65 | G7: 18.762 | H7: 16.919
A8: Light chassis | B8: All-terrain wheels | C8: Medium motor | D8: 8.15 | E8: 7.967 | F8: 7.617 | G8: 18.752 | H8: 17.102
A9: Light chassis | B9: All-terrain wheels | C9: Large motor | D9: 8.575 | E9: 8.35 | F9: 7.6 | G9: 18.77 | H9: 17.376
A10: Light chassis | B10: Spiked wheels | C10: Small motor | D10: 8.408 | E10: 9.342 | F10: 6.6 | G10: 16.183 | H10: 15.563
A11: Light chassis | B11: Spiked wheels | C11: Medium motor | D11: 8.267 | E11: 8.1 | F11: 6.55 | G11: 16.168 | H11: 16.26
A12: Light chassis | B12: Spiked wheels | C12: Large motor | D12: 8.65 | E12: 8.067 | F12: 6.517 | G12: 16.154 | H12: 17.299
A13: Standard chassis | B13: Smooth wheels | C13: Small motor | D13: 8.6 | E13: 8.358 | F13: 8.417 | G13: 25.709 | H13: 20.441
A14: Standard chassis | B14: Smooth wheels | C14: Medium motor | D14: 8.4 | E14: 8.267 | F14: 8.392 | G14: 25.743 | H14: 20.591
A15: Standard chassis | B15: Smooth wheels | C15: Large motor | D15: 8.758 | E15: 8.6 | F15: 8.367 | G15: 25.709 | H15: 20.814
... A30: Heavy chassis | B30: Spiked wheels | C30: Large motor | D30: 9.225 | E30: 9.167 | F30: 6.575 | G30: 16.172 | H30: 24.053

Sheet Pass check
A1: Which builds pass each mission (simulation results against mission limits)
A3: Chassis | B3: Wheels | C3: Motor | D3: M1: best time (s) | E3: M1 passes | F3: M2: ice time (s) | G3: M2: coast (m) | H3: M2 passes | I3: M3: stopping distance (m) | J3: M3 passes | K3: All three
A4: =Simulation!A4 -> Light chassis | B4: =Simulation!B4 -> Smooth wheels | C4: =Simulation!C4 -> Small motor | D4: =MIN(Simulation!D4,Simulation!E4) -> 8.017 | E4: =IF(D4<=Inputs!$B$30,"Pass","Fail") -> Pass | F4: =Simulation!F4 -> 8.392 | G4: =Simulation!G4 -> 25.704 | H4: =IF(AND(F4<=Inputs!$B$32,G4>=Inputs!$B$33),"Pass","Fail") -> Fail | I4: =Simulation!H4 -> 19.842 | J4: =IF(I4<=Inputs!$B$36,"Pass","Fail") -> Pass | K4: =IF(AND(E4="Pass",H4="Pass",J4="Pass"),"Pass","Fail") -> Fail
A5: =Simulation!A5 -> Light chassis | B5: =Simulation!B5 -> Smooth wheels | C5: =Simulation!C5 -> Medium motor | D5: =MIN(Simulation!D5,Simulation!E5) -> 8.058 | E5: =IF(D5<=Inputs!$B$30,"Pass","Fail") -> Pass | F5: =Simulation!F5 -> 8.375 | G5: =Simulation!G5 -> 25.743 | H5: =IF(AND(F5<=Inputs!$B$32,G5>=Inputs!$B$33),"Pass","Fail") -> Fail | I5: =Simulation!H5 -> 19.993 | J5: =IF(I5<=Inputs!$B$36,"Pass","Fail") -> Pass | K5: =IF(AND(E5="Pass",H5="Pass",J5="Pass"),"Pass","Fail") -> Fail
A6: =Simulation!A6 -> Light chassis | B6: =Simulation!B6 -> Smooth wheels | C6: =Simulation!C6 -> Large motor | D6: =MIN(Simulation!D6,Simulation!E6) -> 8.542 | E6: =IF(D6<=Inputs!$B$30,"Pass","Fail") -> Pass | F6: =Simulation!F6 -> 8.358 | G6: =Simulation!G6 -> 25.732 | H6: =IF(AND(F6<=Inputs!$B$32,G6>=Inputs!$B$33),"Pass","Fail") -> Fail | I6: =Simulation!H6 -> 20.217 | J6: =IF(I6<=Inputs!$B$36,"Pass","Fail") -> Pass | K6: =IF(AND(E6="Pass",H6="Pass",J6="Pass"),"Pass","Fail") -> Fail
A7: =Simulation!A7 -> Light chassis | B7: =Simulation!B7 -> All-terrain wheels | C7: =Simulation!C7 -> Small motor | D7: =MIN(Simulation!D7,Simulation!E7) -> 8.142 | E7: =IF(D7<=Inputs!$B$30,"Pass","Fail") -> Pass | F7: =Simulation!F7 -> 7.65 | G7: =Simulation!G7 -> 18.762 | H7: =IF(AND(F7<=Inputs!$B$32,G7>=Inputs!$B$33),"Pass","Fail") -> Pass | I7: =Simulation!H7 -> 16.919 | J7: =IF(I7<=Inputs!$B$36,"Pass","Fail") -> Pass | K7: =IF(AND(E7="Pass",H7="Pass",J7="Pass"),"Pass","Fail") -> Pass
A8: =Simulation!A8 -> Light chassis | B8: =Simulation!B8 -> All-terrain wheels | C8: =Simulation!C8 -> Medium motor | D8: =MIN(Simulation!D8,Simulation!E8) -> 7.967 | E8: =IF(D8<=Inputs!$B$30,"Pass","Fail") -> Pass | F8: =Simulation!F8 -> 7.617 | G8: =Simulation!G8 -> 18.752 | H8: =IF(AND(F8<=Inputs!$B$32,G8>=Inputs!$B$33),"Pass","Fail") -> Pass | I8: =Simulation!H8 -> 17.102 | J8: =IF(I8<=Inputs!$B$36,"Pass","Fail") -> Pass | K8: =IF(AND(E8="Pass",H8="Pass",J8="Pass"),"Pass","Fail") -> Pass
A9: =Simulation!A9 -> Light chassis | B9: =Simulation!B9 -> All-terrain wheels | C9: =Simulation!C9 -> Large motor | D9: =MIN(Simulation!D9,Simulation!E9) -> 8.35 | E9: =IF(D9<=Inputs!$B$30,"Pass","Fail") -> Pass | F9: =Simulation!F9 -> 7.6 | G9: =Simulation!G9 -> 18.77 | H9: =IF(AND(F9<=Inputs!$B$32,G9>=Inputs!$B$33),"Pass","Fail") -> Pass | I9: =Simulation!H9 -> 17.376 | J9: =IF(I9<=Inputs!$B$36,"Pass","Fail") -> Pass | K9: =IF(AND(E9="Pass",H9="Pass",J9="Pass"),"Pass","Fail") -> Pass
A10: =Simulation!A10 -> Light chassis | B10: =Simulation!B10 -> Spiked wheels | C10: =Simulation!C10 -> Small motor | D10: =MIN(Simulation!D10,Simulation!E10) -> 8.408 | E10: =IF(D10<=Inputs!$B$30,"Pass","Fail") -> Pass | F10: =Simulation!F10 -> 6.6 | G10: =Simulation!G10 -> 16.183 | H10: =IF(AND(F10<=Inputs!$B$32,G10>=Inputs!$B$33),"Pass","Fail") -> Fail | I10: =Simulation!H10 -> 15.563 | J10: =IF(I10<=Inputs!$B$36,"Pass","Fail") -> Pass | K10: =IF(AND(E10="Pass",H10="Pass",J10="Pass"),"Pass","Fail") -> Fail
A11: =Simulation!A11 -> Light chassis | B11: =Simulation!B11 -> Spiked wheels | C11: =Simulation!C11 -> Medium motor | D11: =MIN(Simulation!D11,Simulation!E11) -> 8.1 | E11: =IF(D11<=Inputs!$B$30,"Pass","Fail") -> Pass | F11: =Simulation!F11 -> 6.55 | G11: =Simulation!G11 -> 16.168 | H11: =IF(AND(F11<=Inputs!$B$32,G11>=Inputs!$B$33),"Pass","Fail") -> Fail | I11: =Simulation!H11 -> 16.26 | J11: =IF(I11<=Inputs!$B$36,"Pass","Fail") -> Pass | K11: =IF(AND(E11="Pass",H11="Pass",J11="Pass"),"Pass","Fail") -> Fail
A12: =Simulation!A12 -> Light chassis | B12: =Simulation!B12 -> Spiked wheels | C12: =Simulation!C12 -> Large motor | D12: =MIN(Simulation!D12,Simulation!E12) -> 8.067 | E12: =IF(D12<=Inputs!$B$30,"Pass","Fail") -> Pass | F12: =Simulation!F12 -> 6.517 | G12: =Simulation!G12 -> 16.154 | H12: =IF(AND(F12<=Inputs!$B$32,G12>=Inputs!$B$33),"Pass","Fail") -> Fail | I12: =Simulation!H12 -> 17.299 | J12: =IF(I12<=Inputs!$B$36,"Pass","Fail") -> Pass | K12: =IF(AND(E12="Pass",H12="Pass",J12="Pass"),"Pass","Fail") -> Fail
A13: =Simulation!A13 -> Standard chassis | B13: =Simulation!B13 -> Smooth wheels | C13: =Simulation!C13 -> Small motor | D13: =MIN(Simulation!D13,Simulation!E13) -> 8.358 | E13: =IF(D13<=Inputs!$B$30,"Pass","Fail") -> Pass | F13: =Simulation!F13 -> 8.417 | G13: =Simulation!G13 -> 25.709 | H13: =IF(AND(F13<=Inputs!$B$32,G13>=Inputs!$B$33),"Pass","Fail") -> Fail | I13: =Simulation!H13 -> 20.441 | J13: =IF(I13<=Inputs!$B$36,"Pass","Fail") -> Pass | K13: =IF(AND(E13="Pass",H13="Pass",J13="Pass"),"Pass","Fail") -> Fail
A14: =Simulation!A14 -> Standard chassis | B14: =Simulation!B14 -> Smooth wheels | C14: =Simulation!C14 -> Medium motor | D14: =MIN(Simulation!D14,Simulation!E14) -> 8.267 | E14: =IF(D14<=Inputs!$B$30,"Pass","Fail") -> Pass | F14: =Simulation!F14 -> 8.392 | G14: =Simulation!G14 -> 25.743 | H14: =IF(AND(F14<=Inputs!$B$32,G14>=Inputs!$B$33),"Pass","Fail") -> Fail | I14: =Simulation!H14 -> 20.591 | J14: =IF(I14<=Inputs!$B$36,"Pass","Fail") -> Pass | K14: =IF(AND(E14="Pass",H14="Pass",J14="Pass"),"Pass","Fail") -> Fail
A15: =Simulation!A15 -> Standard chassis | B15: =Simulation!B15 -> Smooth wheels | C15: =Simulation!C15 -> Large motor | D15: =MIN(Simulation!D15,Simulation!E15) -> 8.6 | E15: =IF(D15<=Inputs!$B$30,"Pass","Fail") -> Pass | F15: =Simulation!F15 -> 8.367 | G15: =Simulation!G15 -> 25.709 | H15: =IF(AND(F15<=Inputs!$B$32,G15>=Inputs!$B$33),"Pass","Fail") -> Fail | I15: =Simulation!H15 -> 20.814 | J15: =IF(I15<=Inputs!$B$36,"Pass","Fail") -> Pass | K15: =IF(AND(E15="Pass",H15="Pass",J15="Pass"),"Pass","Fail") -> Fail
... A30: =Simulation!A30 -> Heavy chassis | B30: =Simulation!B30 -> Spiked wheels | C30: =Simulation!C30 -> Large motor | D30: =MIN(Simulation!D30,Simulation!E30) -> 9.167 | E30: =IF(D30<=Inputs!$B$30,"Pass","Fail") -> Fail | F30: =Simulation!F30 -> 6.575 | G30: =Simulation!G30 -> 16.172 | H30: =IF(AND(F30<=Inputs!$B$32,G30>=Inputs!$B$33),"Pass","Fail") -> Fail | I30: =Simulation!H30 -> 24.053 | J30: =IF(I30<=Inputs!$B$36,"Pass","Fail") -> Fail | K30: =IF(AND(E30="Pass",H30="Pass",J30="Pass"),"Pass","Fail") -> Fail
A32: Builds passing | E32: =COUNTIF(E4:E30,"Pass") -> 20 | H32: =COUNTIF(H4:H30,"Pass") -> 9 | J32: =COUNTIF(J4:J30,"Pass") -> 23 | K32: =COUNTIF(K4:K30,"Pass") -> 6
A33: Starting build (Standard, All-terrain, Medium) passes all three | E33: =INDEX(K4:K30,MATCH(1,INDEX((A4:A30="Standard chassis")*(B4:B30="All-terrain wheels")*(C4:C30="Medium motor"),0),0)) -> Pass

Sheet Progression
A1: Knowledge earned and spent
A3: Earned by | B3: Count | C3: Points each | D3: Points available | E3: Reason
A4: Required questions (3 per mission) | B4: 9 | C4: 10 | D4: =B4*C4 -> 90 | E4: Core learning; the main income
A5: Power-up questions (2 per mission) | B5: 6 | C5: 5 | D5: =B5*C5 -> 30 | E5: Optional; the power-up itself is the main reward
A6: Unlock questions (2 per mission concept) | B6: 6 | C6: 5 | D6: =B6*C6 -> 30 | E6: Optional; a second route to Knowledge so no student gets stuck
A7: Total Knowledge available | D7: =SUM(D4:D6) -> 150
A9: Unlocks | B9: Count | C9: Cost in points | D9: Total points | E9: Reason | F9: Cost in cleared required questions
A10: Mission 2 and Mission 3 | B10: 2 | C10: 20 | D10: =B10*C10 -> 40 | E10: Equals 2 of the previous mission's 3 required questions, so one miss never blocks progress | F10: =C10/$C$4 -> 2
A11: Unlock a part (6 locked parts) | B11: 6 | C11: 15 | D11: =B11*C11 -> 90 | E11: Same price for every part: parts are trade-offs, not upgrades | F11: =C11/$C$4 -> 1.5
A12: Total Knowledge needed to unlock everything | D12: =SUM(D10:D11) -> 130
A14: Spare Knowledge | D14: =D7-D12 -> 20
A15: Share of all Knowledge needed to unlock everything | D15: =D12/D7 -> 0.86666667
A17: Knowledge is earned the first time a question is cleared. Values are flat (no first-attempt bonus), so a wrong first answer costs nothing but time.

Sheet Spread
A1: Spread of results across all 27 builds
A3: Result | B3: Lowest | C3: Highest | D3: Highest ÷ lowest
A4: =Builds!D3 -> Mass m (kg) | B4: =MIN(Builds!D4:D30) -> 151 | C4: =MAX(Builds!D4:D30) -> 292 | D4: =IF(B4>0,C4/B4,"-") -> 1.9337748
A5: =Builds!E3 -> R (N) | B5: =MIN(Builds!E4:E30) -> 1479.8 | C5: =MAX(Builds!E4:E30) -> 2861.6 | D5: =IF(B5>0,C5/B5,"-") -> 1.9337748
A6: =Builds!I3 -> v_max (m/s) | B6: =MIN(Builds!I4:I30) -> 14 | C6: =MAX(Builds!I4:I30) -> 18 | D6: =IF(B6>0,C6/B6,"-") -> 1.2857143
A7: =Builds!J3 -> Max accel, asphalt (m/s²) | B7: =MIN(Builds!J4:J30) -> 2.3081228 | C7: =MAX(Builds!J4:J30) -> 7.4126957 | D7: =IF(B7>0,C7/B7,"-") -> 3.2115689
A8: =Builds!K3 -> Max accel, sand (m/s²) | B8: =MIN(Builds!K4:K30) -> 0.74012285 | C8: =MAX(Builds!K4:K30) -> 4.9784 | D8: =IF(B8>0,C8/B8,"-") -> 6.7264509
A9: =Builds!L3 -> Max accel, ice (m/s²) | B9: =MIN(Builds!L4:L30) -> 0.7252 | C9: =MAX(Builds!L4:L30) -> 1.2152 | D9: =IF(B9>0,C9/B9,"-") -> 1.6756757
A10: =Builds!M3 -> Braking decel, asphalt (m/s²) | B10: =MIN(Builds!M4:M30) -> 5.4505863 | C10: =MAX(Builds!M4:M30) -> 9.2956359 | D10: =IF(B10>0,C10/B10,"-") -> 1.7054378
A11: =Builds!N3 -> Braking decel, sand (m/s²) | B11: =MIN(Builds!N4:N30) -> 4.6256 | C11: =MAX(Builds!N4:N30) -> 8.7416 | D11: =IF(B11>0,C11/B11,"-") -> 1.8898305
A12: =Builds!O3 -> Braking decel, ice (m/s²) | B12: =MIN(Builds!O4:O30) -> 0.8428 | C12: =MAX(Builds!O4:O30) -> 1.5288 | D12: =IF(B12>0,C12/B12,"-") -> 1.8139535
A13: =Builds!P3 -> Coasting decel, asphalt (m/s²) | B13: =MIN(Builds!P4:P30) -> 0.1176 | C13: =MAX(Builds!P4:P30) -> 0.3136 | D13: =IF(B13>0,C13/B13,"-") -> 2.6666667
A14: =Builds!Q3 -> Coasting decel, sand (m/s²) | B14: =MIN(Builds!Q4:Q30) -> 0.7056 | C14: =MAX(Builds!Q4:Q30) -> 1.8816 | D14: =IF(B14>0,C14/B14,"-") -> 2.6666667
A15: =Builds!R3 -> Coasting decel, ice (m/s²) | B15: =MIN(Builds!R4:R30) -> 0.0588 | C15: =MAX(Builds!R4:R30) -> 0.1568 | D15: =IF(B15>0,C15/B15,"-") -> 2.6666667
A16: =Builds!S3 -> M1 time, asphalt route (s) | B16: =MIN(Builds!S4:S30) -> 7.5475162 | C16: =MAX(Builds!S4:S30) -> 9.4548281 | D16: =IF(B16>0,C16/B16,"-") -> 1.2527072
A17: =Builds!T3 -> M1 time, sand shortcut (s) | B17: =MIN(Builds!T4:T30) -> 7.435576 | C17: =MAX(Builds!T4:T30) -> 15.15558 | D17: =IF(B17>0,C17/B17,"-") -> 2.0382523
A18: =Builds!V3 -> M2 ice time (s) | B18: =MIN(Builds!V4:V30) -> 6.4144751 | C18: =MAX(Builds!V4:V30) -> 8.3034028 | D18: =IF(B18>0,C18/B18,"-") -> 1.2944789
A19: =Builds!W3 -> M2 coasting distance (m) | B19: =MIN(Builds!W4:W30) -> 16.145833 | C19: =MAX(Builds!W4:W30) -> 25.694444 | D19: =IF(B19>0,C19/B19,"-") -> 1.5913978
A20: =Builds!Y3 -> M3 stopping distance incl. build-up (m) | B20: =MIN(Builds!Y4:Y30) -> 15.62291 | C20: =MAX(Builds!Y4:Y30) -> 24.111478 | D20: =IF(B20>0,C20/B20,"-") -> 1.543341
A22: Builds where the sand shortcut is faster in Mission 1 (simulation) | B22: =SUMPRODUCT(--(Simulation!E4:E30<Simulation!D4:D30)) -> 17
